algorithm,ari_mean,ari_std,cost_ratio_vs_kmeans_mean,cost_ratio_vs_kmeans_std,cost_sse_mean,cost_sse_std,d,dataset,k,n,nmi_mean,nmi_std,num_seeds,quality_loss_pct_vs_kmeans_mean,quality_loss_pct_vs_kmeans_std,runtime_sec_mean,runtime_sec_std,sweep_id
KMeans(sk),0.99681,0.0,1.0,0.0,398998.41666,0.07216,10.0,blobs,8.0,10000.0,0.99562,0.0,3.0,0.0,0.0,0.11093,0.11396,Kmeans_sweep
MiniBatchKMeans(sk),0.94186,0.09496,1.06726,0.11632,425836.05208,46412.23202,10.0,blobs,8.0,10000.0,0.97449,0.03638,3.0,6.72625,11.63219,0.01992,0.00511,Kmeans_sweep
[1]Guha2002_STREAMKMeans_Paper,0.99688,0.00013,1.0,0.0,399002.03088,2.56965,10.0,blobs,8.0,10000.0,0.99571,0.00015,3.0,0.0009,0.00065,0.48308,0.0594,Kmeans_sweep
[16]Charikar2003_FacilityOnline,0.99612,0.0009,1.01074,0.00277,403287.02083,1107.91755,10.0,blobs,8.0,10000.0,0.99478,0.00112,3.0,1.07484,0.27769,0.91776,0.08627,Kmeans_sweep
[Ailon2009] Streaming k-means#,0.81606,0.04052,2.19534,0.08047,875937.64583,32111.34113,10.0,blobs,8.0,10000.0,0.89945,0.0193,3.0,119.53411,8.04798,3.57871,0.57692,Kmeans_sweep
Boutsidis2014_RandomProj_STREAMING,0.851,0.04001,1.09848,0.07533,438295.74314,30059.4917,10.0,blobs,8.0,10000.0,0.90655,0.0067,3.0,9.84899,7.53375,0.06203,0.00424,Kmeans_sweep
KMeans(sk),0.62219,0.00254,1.0,0.0,33167.21484,0.63868,10.0,anisotropic,8.0,10000.0,0.75657,0.00089,3.0,0.0,0.0,0.04611,0.00516,Kmeans_sweep
MiniBatchKMeans(sk),0.61978,0.00937,1.05585,0.04688,35019.65494,1555.34832,10.0,anisotropic,8.0,10000.0,0.76321,0.00614,3.0,5.58511,4.68818,0.02046,0.00337,Kmeans_sweep
[1]Guha2002_STREAMKMeans_Paper,0.61456,0.00408,1.03076,0.05057,34187.55135,1677.05576,10.0,anisotropic,8.0,10000.0,0.75891,0.00861,3.0,3.07638,5.05785,0.42965,0.01339,Kmeans_sweep
[16]Charikar2003_FacilityOnline,0.62178,0.02119,1.03559,0.03255,34347.83203,1079.51028,10.0,anisotropic,8.0,10000.0,0.75651,0.01004,3.0,3.55961,3.25597,0.76422,0.08721,Kmeans_sweep
[Ailon2009] Streaming k-means#,0.58548,0.0256,1.72675,0.11993,57271.69401,3978.74028,10.0,anisotropic,8.0,10000.0,0.74819,0.01733,3.0,72.67549,11.99306,3.01212,0.06651,Kmeans_sweep
Boutsidis2014_RandomProj_STREAMING,0.62199,0.00206,1.03723,0.05806,34402.07097,1926.52214,10.0,anisotropic,8.0,10000.0,0.75895,0.00282,3.0,3.72305,5.80652,0.05962,0.00135,Kmeans_sweep
KMeans(sk),1.0,0.0,1.0,0.0,623552.4375,0.0,10.0,high_dim_sparseish,8.0,10000.0,1.0,0.0,3.0,0.0,0.0,0.03817,0.00221,Kmeans_sweep
MiniBatchKMeans(sk),0.89028,0.09501,1.2907,0.25674,804822.20833,160094.40728,10.0,high_dim_sparseish,8.0,10000.0,0.95709,0.03716,3.0,29.07049,25.67457,0.01787,0.00149,Kmeans_sweep
[1]Guha2002_STREAMKMeans_Paper,1.0,0.0,1.0,0.0,623552.51373,0.11934,10.0,high_dim_sparseish,8.0,10000.0,1.0,0.0,3.0,1e-05,1e-05,0.43341,0.01691,Kmeans_sweep
[16]Charikar2003_FacilityOnline,1.0,0.0,1.00784,0.00047,628447.08333,295.17665,10.0,high_dim_sparseish,8.0,10000.0,1.0,0.0,3.0,0.78496,0.04733,0.82313,0.0112,Kmeans_sweep
[Ailon2009] Streaming k-means#,0.6944,0.17754,3.08588,0.91401,1924213.33333,569933.59919,10.0,high_dim_sparseish,8.0,10000.0,0.81811,0.1046,3.0,208.58885,91.40106,2.91743,0.02855,Kmeans_sweep
Boutsidis2014_RandomProj_STREAMING,0.99288,0.00404,1.00012,0.00015,623633.21664,98.08843,10.0,high_dim_sparseish,8.0,10000.0,0.98998,0.00496,3.0,0.01295,0.01573,0.05738,0.00188,Kmeans_sweep
KMeans(sk),0.99618,0.0,1.0,0.0,398605.70833,0.01804,10.0,blobs,16.0,10000.0,0.9961,0.0,3.0,0.0,0.0,0.07687,0.0035,Kmeans_sweep
MiniBatchKMeans(sk),0.87692,0.07055,1.1554,0.06124,460553.01041,24414.04436,10.0,blobs,16.0,10000.0,0.96339,0.01608,3.0,15.54099,6.12486,0.02299,0.00167,Kmeans_sweep
[1]Guha2002_STREAMKMeans_Paper,0.99646,0.00024,1.00003,0.0,398618.68976,3.04248,10.0,blobs,16.0,10000.0,0.99634,0.00021,3.0,0.00325,0.00076,0.86323,0.02407,Kmeans_sweep
[16]Charikar2003_FacilityOnline,0.99603,0.00032,1.00953,0.00107,402406.90625,430.14116,10.0,blobs,16.0,10000.0,0.99586,0.00028,3.0,0.95362,0.10791,1.33188,0.0355,Kmeans_sweep
[Ailon2009] Streaming k-means#,0.77328,0.05328,2.45544,0.32548,978753.5,129739.56285,10.0,blobs,16.0,10000.0,0.89257,0.03122,3.0,145.54427,32.54833,14.22248,0.07525,Kmeans_sweep
Boutsidis2014_RandomProj_STREAMING,0.86195,0.06571,1.16682,0.11849,465102.67721,47231.66526,10.0,blobs,16.0,10000.0,0.93098,0.0357,3.0,16.68239,11.84921,0.07642,0.01025,Kmeans_sweep
KMeans(sk),0.39467,0.00391,1.0,0.0,24749.86653,112.98543,10.0,anisotropic,16.0,10000.0,0.6478,0.00178,3.0,0.0,0.0,0.09906,0.00252,Kmeans_sweep
MiniBatchKMeans(sk),0.397,0.01939,1.03563,0.01478,25632.87369,483.67736,10.0,anisotropic,16.0,10000.0,0.64556,0.00335,3.0,3.56323,1.47852,0.02746,0.00399,Kmeans_sweep
[1]Guha2002_STREAMKMeans_Paper,0.40198,0.01154,1.01024,0.00384,25003.21769,21.15488,10.0,anisotropic,16.0,10000.0,0.649,0.00147,3.0,1.02481,0.3843,0.85747,0.0054,Kmeans_sweep
[16]Charikar2003_FacilityOnline,0.40596,0.00458,1.07416,0.01537,26586.45507,499.93293,10.0,anisotropic,16.0,10000.0,0.64956,0.00214,3.0,7.41606,1.5372,1.17935,0.11164,Kmeans_sweep
[Ailon2009] Streaming k-means#,0.36944,0.00845,1.92337,0.16506,47591.61458,3890.07165,10.0,anisotropic,16.0,10000.0,0.62817,0.00753,3.0,92.33757,16.50608,14.11694,0.33982,Kmeans_sweep
Boutsidis2014_RandomProj_STREAMING,0.40455,0.01296,1.09808,0.06568,27177.99491,1637.42855,10.0,anisotropic,16.0,10000.0,0.64731,0.00454,3.0,9.80886,6.56853,0.072,0.0023,Kmeans_sweep
KMeans(sk),0.96705,0.04309,1.0,0.0,631918.75,16962.29832,10.0,high_dim_sparseish,16.0,10000.0,0.98606,0.01151,3.0,0.0,0.0,0.07213,0.00325,Kmeans_sweep
MiniBatchKMeans(sk),0.90597,0.00585,1.08498,0.03421,686008.41666,40355.97757,10.0,high_dim_sparseish,16.0,10000.0,0.96381,0.00436,3.0,8.49838,3.4212,0.02539,0.00498,Kmeans_sweep
[1]Guha2002_STREAMKMeans_Paper,0.99169,0.00023,0.985,0.02603,622147.17644,3.30832,10.0,high_dim_sparseish,16.0,10000.0,0.9925,0.00015,3.0,-1.49974,2.60337,0.89053,0.02366,Kmeans_sweep
[16]Charikar2003_FacilityOnline,0.99093,0.00012,0.99526,0.02591,628633.5,779.54326,10.0,high_dim_sparseish,16.0,10000.0,0.99185,0.00022,3.0,-0.47356,2.59121,1.34061,0.03748,Kmeans_sweep
[Ailon2009] Streaming k-means#,0.69979,0.0454,2.27291,0.2926,1439569.16666,225893.28004,10.0,high_dim_sparseish,16.0,10000.0,0.84156,0.03652,3.0,127.29102,29.26034,14.21924,0.14697,Kmeans_sweep
Boutsidis2014_RandomProj_STREAMING,0.79482,0.10112,1.20489,0.2146,761012.47238,131865.94716,10.0,high_dim_sparseish,16.0,10000.0,0.8779,0.04472,3.0,20.489,21.46016,0.07222,0.00281,Kmeans_sweep
KMeans(sk),1.0,0.0,1.0,0.0,995710.125,0.0,25.0,blobs,8.0,10000.0,1.0,0.0,3.0,0.0,0.0,0.0456,0.00221,Kmeans_sweep
MiniBatchKMeans(sk),1.0,0.0,1.00012,3e-05,995834.1875,33.83779,25.0,blobs,8.0,10000.0,1.0,0.0,3.0,0.01245,0.00339,0.02008,0.00208,Kmeans_sweep
[1]Guha2002_STREAMKMeans_Paper,1.0,0.0,1.0,0.0,995710.19087,0.0,25.0,blobs,8.0,10000.0,1.0,0.0,3.0,0.0,0.0,0.50099,0.01399,Kmeans_sweep
[16]Charikar2003_FacilityOnline,1.0,0.0,1.01507,0.00021,1010719.04166,215.62898,25.0,blobs,8.0,10000.0,1.0,0.0,3.0,1.50735,0.02165,0.86279,0.01088,Kmeans_sweep
[Ailon2009] Streaming k-means#,0.77615,0.11656,3.49039,0.67758,3475419.58333,674680.59133,25.0,blobs,8.0,10000.0,0.86868,0.07625,3.0,249.03929,67.75873,5.57213,0.07129,Kmeans_sweep
Boutsidis2014_RandomProj_STREAMING,1.0,0.0,1.0,0.0,995710.19087,0.0,25.0,blobs,8.0,10000.0,1.0,0.0,3.0,0.0,0.0,0.06961,0.00323,Kmeans_sweep
KMeans(sk),0.61881,0.00636,1.0,0.0,35571.16015,1563.19297,25.0,anisotropic,8.0,10000.0,0.75891,0.00396,3.0,0.0,0.0,0.06546,0.00371,Kmeans_sweep
MiniBatchKMeans(sk),0.63208,0.01257,1.03964,0.08602,36891.91796,1520.12496,25.0,anisotropic,8.0,10000.0,0.77103,0.00346,3.0,3.96434,8.6028,0.02496,0.00126,Kmeans_sweep
[1]Guha2002_STREAMKMeans_Paper,0.62674,0.00433,0.97866,0.04207,34768.30805,83.25174,25.0,anisotropic,8.0,10000.0,0.75818,0.00174,3.0,-2.13395,4.20766,0.52688,0.00257,Kmeans_sweep
[16]Charikar2003_FacilityOnline,0.63104,0.00878,1.0011,0.05677,35553.34635,663.71027,25.0,anisotropic,8.0,10000.0,0.76197,0.00387,3.0,0.11084,5.67766,0.76099,0.03799,Kmeans_sweep
[Ailon2009] Streaming k-means#,0.55075,0.04815,2.09688,1.05484,75685.58593,41737.36872,25.0,anisotropic,8.0,10000.0,0.72579,0.03352,3.0,109.68883,105.48449,5.57358,0.07777,Kmeans_sweep
Boutsidis2014_RandomProj_STREAMING,0.59824,0.03459,1.1031,0.09748,39152.95442,2214.99472,25.0,anisotropic,8.0,10000.0,0.75795,0.01946,3.0,10.31067,9.74814,0.06971,0.00076,Kmeans_sweep
KMeans(sk),1.0,0.0,1.0,0.0,646343.1875,0.0,25.0,high_dim_sparseish,8.0,10000.0,1.0,0.0,3.0,0.0,0.0,0.1385,0.07252,Kmeans_sweep
MiniBatchKMeans(sk),1.0,0.0,1.00013,1e-05,646429.375,12.29154,25.0,high_dim_sparseish,8.0,10000.0,1.0,0.0,3.0,0.01333,0.0019,0.054,0.02804,Kmeans_sweep
[1]Guha2002_STREAMKMeans_Paper,1.0,0.0,1.0,0.0,646343.25667,0.17224,25.0,high_dim_sparseish,8.0,10000.0,1.0,0.0,3.0,1e-05,2e-05,1.31241,0.67253,Kmeans_sweep
[16]Charikar2003_FacilityOnline,1.0,0.0,1.00738,0.00055,651113.52083,356.7651,25.0,high_dim_sparseish,8.0,10000.0,1.0,0.0,3.0,0.73804,0.05519,2.16193,1.14086,Kmeans_sweep
[Ailon2009] Streaming k-means#,0.81633,0.01512,2.43892,0.15693,1576383.66666,101435.75859,25.0,high_dim_sparseish,8.0,10000.0,0.90762,0.0119,3.0,143.89267,15.69379,15.35679,3.18907,Kmeans_sweep
Boutsidis2014_RandomProj_STREAMING,0.99954,0.00045,1.0,0.0,646343.75522,0.60468,25.0,high_dim_sparseish,8.0,10000.0,0.99924,0.00074,3.0,8e-05,9e-05,0.19679,0.00507,Kmeans_sweep
KMeans(sk),1.0,0.0,1.0,0.0,994991.95833,0.03608,25.0,blobs,16.0,10000.0,1.0,0.0,3.0,0.0,0.0,0.31167,0.04156,Kmeans_sweep
MiniBatchKMeans(sk),0.97341,0.04605,1.09687,0.1675,1091382.625,166667.57192,25.0,blobs,16.0,10000.0,0.99214,0.0136,3.0,9.68758,16.75064,0.10866,0.02099,Kmeans_sweep
[1]Guha2002_STREAMKMeans_Paper,1.0,0.0,0.99999,0.0,994991.94948,0.0,25.0,blobs,16.0,10000.0,1.0,0.0,3.0,-0.0,0.0,3.80062,0.27002,Kmeans_sweep
[16]Charikar2003_FacilityOnline,1.0,0.0,1.01549,0.00058,1010411.97916,577.13355,25.0,blobs,16.0,10000.0,1.0,0.0,3.0,1.54976,0.058,4.78943,0.13423,Kmeans_sweep
[Ailon2009] Streaming k-means#,0.82033,0.08228,3.33153,0.80067,3314846.08333,796668.74596,25.0,blobs,16.0,10000.0,0.9218,0.03699,3.0,233.15305,80.06786,82.77221,1.70819,Kmeans_sweep
Boutsidis2014_RandomProj_STREAMING,0.94613,0.04694,1.33642,0.29145,1329732.38047,289994.65901,25.0,blobs,16.0,10000.0,0.98285,0.01501,3.0,33.64252,29.14543,0.24633,0.01461,Kmeans_sweep
KMeans(sk),0.40899,0.01352,1.0,0.0,26274.32291,74.87458,25.0,anisotropic,16.0,10000.0,0.65145,0.00161,3.0,0.0,0.0,0.44185,0.01395,Kmeans_sweep
MiniBatchKMeans(sk),0.40644,0.01124,1.05001,0.02498,27587.25651,582.12545,25.0,anisotropic,16.0,10000.0,0.64351,0.00289,3.0,5.00148,2.49826,0.11058,0.01338,Kmeans_sweep
[1]Guha2002_STREAMKMeans_Paper,0.40104,0.01541,1.0154,0.00488,26678.94763,52.5247,25.0,anisotropic,16.0,10000.0,0.64603,0.002,3.0,1.54092,0.48834,3.465,0.02283,Kmeans_sweep
[16]Charikar2003_FacilityOnline,0.39628,0.01749,1.05039,0.00409,27598.45182,167.50349,25.0,anisotropic,16.0,10000.0,0.64437,0.00477,3.0,5.03915,0.4093,3.24405,0.96675,Kmeans_sweep
[Ailon2009] Streaming k-means#,0.39764,0.03456,1.61814,0.18922,42517.79427,5007.84491,25.0,anisotropic,16.0,10000.0,0.63479,0.01418,3.0,61.81414,18.92297,80.43051,5.24658,Kmeans_sweep
Boutsidis2014_RandomProj_STREAMING,0.3893,0.01641,1.06882,0.03242,28081.08201,770.64525,25.0,anisotropic,16.0,10000.0,0.64044,0.00597,3.0,6.88268,3.24285,0.24228,0.009,Kmeans_sweep
KMeans(sk),0.91737,0.00016,1.0,0.0,674252.4375,114.18377,25.0,high_dim_sparseish,16.0,10000.0,0.97272,7e-05,3.0,0.0,0.0,0.3609,0.02479,Kmeans_sweep
MiniBatchKMeans(sk),0.96685,0.04166,0.97177,0.02533,655218.39583,17019.77127,25.0,high_dim_sparseish,16.0,10000.0,0.98571,0.01079,3.0,-2.82282,2.53371,0.09961,0.00388,Kmeans_sweep
[1]Guha2002_STREAMKMeans_Paper,0.99176,0.00031,0.95646,0.00015,644896.24003,6.09869,25.0,high_dim_sparseish,16.0,10000.0,0.99256,0.00023,3.0,-4.35388,0.01529,3.49745,0.32202,Kmeans_sweep
[16]Charikar2003_FacilityOnline,0.99086,0.00023,0.9667,0.00084,651805.3125,518.41586,25.0,high_dim_sparseish,16.0,10000.0,0.99181,0.00016,3.0,-3.32918,0.08462,4.56777,0.18354,Kmeans_sweep
[Ailon2009] Streaming k-means#,0.76183,0.10117,2.25283,0.36415,1518959.5,245329.54275,25.0,high_dim_sparseish,16.0,10000.0,0.87877,0.05754,3.0,125.28379,36.41568,76.36238,1.50158,Kmeans_sweep
Boutsidis2014_RandomProj_STREAMING,0.87677,0.04982,1.0676,0.09768,719844.60489,65991.13383,25.0,high_dim_sparseish,16.0,10000.0,0.94464,0.02201,3.0,6.7608,9.76859,0.22985,0.01594,Kmeans_sweep
KMeans(sk),0.99557,4e-05,1.0,0.0,1194710.0,0.0,10.0,blobs,8.0,30000.0,0.99387,5e-05,3.0,0.0,0.0,0.39124,0.04607,Kmeans_sweep
MiniBatchKMeans(sk),0.99557,0.00011,1.00011,5e-05,1194847.41666,68.64131,10.0,blobs,8.0,30000.0,0.99389,0.00015,3.0,0.0115,0.00574,0.07735,0.02059,Kmeans_sweep
[1]Guha2002_STREAMKMeans_Paper,0.99564,0.00011,1.00001,0.0,1194723.69292,6.73107,10.0,blobs,8.0,30000.0,0.99396,0.00013,3.0,0.00114,0.00056,3.93277,0.19544,Kmeans_sweep
[16]Charikar2003_FacilityOnline,0.99482,0.00105,1.00974,0.00145,1206348.33333,1743.26956,10.0,blobs,8.0,30000.0,0.99318,0.00108,3.0,0.97415,0.14591,6.22424,0.14192,Kmeans_sweep
[Ailon2009] Streaming k-means#,0.68265,0.00701,2.33054,0.31874,2784323.0,380807.47917,10.0,blobs,8.0,30000.0,0.8399,0.01825,3.0,133.05429,31.87446,28.98924,0.24905,Kmeans_sweep
Boutsidis2014_RandomProj_STREAMING,0.85099,0.10706,1.14461,0.12521,1367482.62949,149592.10484,10.0,blobs,8.0,30000.0,0.90733,0.05623,3.0,14.46147,12.5212,0.46682,0.01558,Kmeans_sweep
KMeans(sk),0.61808,9e-05,1.0,0.0,99797.60937,0.7574,10.0,anisotropic,8.0,30000.0,0.75207,2e-05,3.0,0.0,0.0,0.40846,0.0159,Kmeans_sweep
MiniBatchKMeans(sk),0.60002,0.0223,1.05742,0.04711,105528.71875,4702.29556,10.0,anisotropic,8.0,30000.0,0.74694,0.00968,3.0,5.7427,4.71105,0.09149,0.022,Kmeans_sweep
[1]Guha2002_STREAMKMeans_Paper,0.62128,0.00998,1.00164,0.00157,99961.38961,157.55529,10.0,anisotropic,8.0,30000.0,0.75368,0.0049,3.0,0.16411,0.15759,4.19821,0.47764,Kmeans_sweep
[16]Charikar2003_FacilityOnline,0.6298,0.00681,1.01555,0.00334,101350.05989,334.66342,10.0,anisotropic,8.0,30000.0,0.75813,0.00324,3.0,1.55559,0.33486,7.02358,1.12367,Kmeans_sweep
[Ailon2009] Streaming k-means#,0.61469,0.01432,1.68887,0.19964,168545.43229,19923.13774,10.0,anisotropic,8.0,30000.0,0.76015,0.00372,3.0,68.88729,19.96408,33.06037,2.40543,Kmeans_sweep
Boutsidis2014_RandomProj_STREAMING,0.61295,0.02771,1.12074,0.02364,111847.71325,2360.5359,10.0,anisotropic,8.0,30000.0,0.75031,0.02055,3.0,12.07453,2.36454,0.43404,0.04666,Kmeans_sweep
KMeans(sk),1.0,0.0,1.0,0.0,1873459.75,0.0,10.0,high_dim_sparseish,8.0,30000.0,1.0,0.0,3.0,0.0,0.0,0.31335,0.01096,Kmeans_sweep
MiniBatchKMeans(sk),1.0,0.0,1.00031,0.00034,1874044.95833,637.31436,10.0,high_dim_sparseish,8.0,30000.0,1.0,0.0,3.0,0.03123,0.03401,0.0749,0.00984,Kmeans_sweep
[1]Guha2002_STREAMKMeans_Paper,1.0,0.0,1.0,0.0,1873459.77931,0.07201,10.0,high_dim_sparseish,8.0,30000.0,1.0,0.0,3.0,0.0,0.0,4.06898,0.32231,Kmeans_sweep
[16]Charikar2003_FacilityOnline,1.0,0.0,1.00875,0.0011,1889858.45833,2073.12258,10.0,high_dim_sparseish,8.0,30000.0,1.0,0.0,3.0,0.87531,0.11065,6.48696,0.31727,Kmeans_sweep
[Ailon2009] Streaming k-means#,0.77554,0.107,2.69015,0.38115,5039894.0,714084.6459,10.0,high_dim_sparseish,8.0,30000.0,0.85078,0.07197,3.0,169.01533,38.11582,25.50849,3.45563,Kmeans_sweep
Boutsidis2014_RandomProj_STREAMING,0.97962,0.02658,1.00364,0.00625,1880279.1506,11719.76618,10.0,high_dim_sparseish,8.0,30000.0,0.97942,0.02198,3.0,0.364,0.62556,0.3742,0.1676,Kmeans_sweep
KMeans(sk),0.99738,0.0,1.0,0.0,1194574.75,0.0,10.0,blobs,16.0,30000.0,0.99703,0.0,3.0,0.0,0.0,0.18173,0.02093,Kmeans_sweep
MiniBatchKMeans(sk),0.94006,0.05023,1.06624,0.06351,1273705.16666,75874.88626,10.0,blobs,16.0,30000.0,0.97766,0.01817,3.0,6.62414,6.35162,0.03338,0.00554,Kmeans_sweep
[1]Guha2002_STREAMKMeans_Paper,0.99733,8e-05,1.00001,0.0,1194588.39453,7.87514,10.0,blobs,16.0,30000.0,0.99699,6e-05,3.0,0.00114,0.00065,2.42,0.06523,Kmeans_sweep
[16]Charikar2003_FacilityOnline,0.99735,0.00022,1.01104,0.00134,1207768.25,1602.59196,10.0,blobs,16.0,30000.0,0.99706,0.00021,3.0,1.10445,0.13415,3.04369,0.05929,Kmeans_sweep
[Ailon2009] Streaming k-means#,0.7623,0.01637,2.45179,0.31588,2928858.33333,377342.87125,10.0,blobs,16.0,30000.0,0.89098,0.00789,3.0,145.17999,31.58805,48.3191,1.61057,Kmeans_sweep
Boutsidis2014_RandomProj_STREAMING,0.84713,0.03222,1.24252,0.06486,1484288.42832,77488.19435,10.0,blobs,16.0,30000.0,0.91913,0.00759,3.0,24.25245,6.48667,0.20004,0.0087,Kmeans_sweep
KMeans(sk),0.39994,0.01235,1.0,0.0,74876.79947,228.49289,10.0,anisotropic,16.0,30000.0,0.64538,0.00376,3.0,0.0,0.0,0.46261,0.37962,Kmeans_sweep
MiniBatchKMeans(sk),0.38339,0.00739,1.08664,0.05005,81360.97656,3640.83421,10.0,anisotropic,16.0,30000.0,0.63524,0.00279,3.0,8.66442,5.00568,0.05069,0.03041,Kmeans_sweep
[1]Guha2002_STREAMKMeans_Paper,0.40399,0.00746,1.01905,0.00535,76302.43171,169.90975,10.0,anisotropic,16.0,30000.0,0.64447,0.00069,3.0,1.90505,0.53577,4.90795,4.36863,Kmeans_sweep
[16]Charikar2003_FacilityOnline,0.40193,0.01543,1.06021,0.04042,79379.26562,2783.73192,10.0,anisotropic,16.0,30000.0,0.64541,0.00273,3.0,6.02127,4.04274,6.57919,6.30441,Kmeans_sweep
[Ailon2009] Streaming k-means#,0.3589,0.02306,1.65729,0.24593,124079.14843,18311.46914,10.0,anisotropic,16.0,30000.0,0.63356,0.00606,3.0,65.72939,24.59311,118.17837,64.98415,Kmeans_sweep
Boutsidis2014_RandomProj_STREAMING,0.40575,0.00721,1.09586,0.05419,82046.40251,3804.43742,10.0,anisotropic,16.0,30000.0,0.64197,0.00386,3.0,9.5861,5.41952,0.46585,0.23665,Kmeans_sweep
KMeans(sk),0.99234,0.0,1.0,0.0,1871096.54166,0.07216,10.0,high_dim_sparseish,16.0,30000.0,0.99323,0.0,3.0,0.0,0.0,0.52618,0.30321,Kmeans_sweep
MiniBatchKMeans(sk),0.94237,0.04315,1.03137,0.02703,1929800.95833,50592.02659,10.0,high_dim_sparseish,16.0,30000.0,0.97885,0.01236,3.0,3.13743,2.70387,0.08587,0.05391,Kmeans_sweep
[1]Guha2002_STREAMKMeans_Paper,0.99243,3e-05,1.00002,0.0,1871135.96448,4.96481,10.0,high_dim_sparseish,16.0,30000.0,0.99329,2e-05,3.0,0.0021,0.00026,7.14151,3.97904,Kmeans_sweep
[16]Charikar2003_FacilityOnline,0.99207,0.00035,1.00947,0.00109,1888826.70833,2052.61957,10.0,high_dim_sparseish,16.0,30000.0,0.9931,0.00025,3.0,0.94758,0.1097,10.12505,5.78686,Kmeans_sweep
[Ailon2009] Streaming k-means#,0.66866,0.10307,2.47544,0.31287,4631804.16666,585414.61081,10.0,high_dim_sparseish,16.0,30000.0,0.82385,0.05861,3.0,147.5449,31.28724,98.47602,64.52071,Kmeans_sweep
Boutsidis2014_RandomProj_STREAMING,0.76266,0.11776,1.28637,0.22155,2406931.85955,414547.98302,10.0,high_dim_sparseish,16.0,30000.0,0.85705,0.08275,3.0,28.6375,22.15535,0.42317,0.1953,Kmeans_sweep
KMeans(sk),1.0,0.0,1.0,0.0,2999471.5,0.0,25.0,blobs,8.0,30000.0,1.0,0.0,3.0,0.0,0.0,0.15587,0.03772,Kmeans_sweep
MiniBatchKMeans(sk),0.94491,0.09541,1.26604,0.46065,3797478.0,1381717.55106,25.0,blobs,8.0,30000.0,0.97873,0.03683,3.0,26.6049,46.06536,0.05395,0.03938,Kmeans_sweep
[1]Guha2002_STREAMKMeans_Paper,1.0,0.0,1.0,0.0,2999471.64435,0.0,25.0,blobs,8.0,30000.0,1.0,0.0,3.0,0.0,0.0,1.73645,0.4552,Kmeans_sweep
[16]Charikar2003_FacilityOnline,1.0,0.0,1.01465,0.00102,3043441.25,3061.13221,25.0,blobs,8.0,30000.0,1.0,0.0,3.0,1.46591,0.10205,2.41418,0.13584,Kmeans_sweep
[Ailon2009] Streaming k-means#,0.86995,0.11267,2.62758,0.6669,7881367.33333,2000364.68237,25.0,blobs,8.0,30000.0,0.92506,0.06628,3.0,162.75853,66.69057,19.31118,0.35009,Kmeans_sweep
Boutsidis2014_RandomProj_STREAMING,1.0,0.0,1.0,0.0,2999471.64435,0.0,25.0,blobs,8.0,30000.0,1.0,0.0,3.0,0.0,0.0,0.204,0.00271,Kmeans_sweep
KMeans(sk),0.61888,0.00079,1.0,0.0,104296.82812,1.03136,25.0,anisotropic,8.0,30000.0,0.75246,0.00037,3.0,0.0,0.0,0.17602,0.02163,Kmeans_sweep
MiniBatchKMeans(sk),0.62614,0.0163,1.06903,0.05976,111497.36458,6232.20472,25.0,anisotropic,8.0,30000.0,0.76008,0.00877,3.0,6.90391,5.97628,0.03457,0.0065,Kmeans_sweep
[1]Guha2002_STREAMKMeans_Paper,0.61846,0.01094,1.0035,0.00047,104662.29114,49.24724,25.0,anisotropic,8.0,30000.0,0.75245,0.00528,3.0,0.3504,0.04786,1.49705,0.04111,Kmeans_sweep
[16]Charikar2003_FacilityOnline,0.6269,0.02405,1.03296,0.02746,107735.3151,2865.22054,25.0,anisotropic,8.0,30000.0,0.75643,0.01163,3.0,3.29681,2.74651,2.04276,0.07591,Kmeans_sweep
[Ailon2009] Streaming k-means#,0.56973,0.02789,1.9099,0.11904,199197.55208,12417.53766,25.0,anisotropic,8.0,30000.0,0.7263,0.02087,3.0,90.99092,11.90432,24.54107,6.38245,Kmeans_sweep
Boutsidis2014_RandomProj_STREAMING,0.60534,0.03577,1.08892,0.07837,113571.66792,8175.77788,25.0,anisotropic,8.0,30000.0,0.75836,0.01947,3.0,8.89268,7.83795,0.40861,0.34533,Kmeans_sweep
KMeans(sk),1.0,0.0,1.0,0.0,1941047.66666,0.14433,25.0,high_dim_sparseish,8.0,30000.0,1.0,0.0,3.0,0.0,0.0,0.44413,0.08278,Kmeans_sweep
MiniBatchKMeans(sk),1.0,0.0,1.00015,9e-05,1941354.95833,183.50623,25.0,high_dim_sparseish,8.0,30000.0,1.0,0.0,3.0,0.01583,0.00946,0.12375,0.03839,Kmeans_sweep
[1]Guha2002_STREAMKMeans_Paper,1.0,0.0,0.99999,0.0,1941047.6317,0.07212,25.0,high_dim_sparseish,8.0,30000.0,1.0,0.0,3.0,-0.0,0.0,5.10715,0.41247,Kmeans_sweep
[16]Charikar2003_FacilityOnline,1.0,0.0,1.00915,0.00154,1958818.5,3003.37259,25.0,high_dim_sparseish,8.0,30000.0,1.0,0.0,3.0,0.91552,0.15473,7.64452,0.97073,Kmeans_sweep
[Ailon2009] Streaming k-means#,0.93965,0.09885,1.97349,0.57728,3830644.41666,1120530.52675,25.0,high_dim_sparseish,8.0,30000.0,0.96713,0.04997,3.0,97.34932,57.72811,62.39119,10.62196,Kmeans_sweep
Boutsidis2014_RandomProj_STREAMING,0.94438,0.09501,1.14452,0.25032,2221585.38343,485902.35894,25.0,high_dim_sparseish,8.0,30000.0,0.97558,0.03991,3.0,14.4529,25.03298,0.58661,0.01474,Kmeans_sweep
KMeans(sk),1.0,0.0,1.0,0.0,2998699.75,0.0,25.0,blobs,16.0,30000.0,1.0,0.0,3.0,0.0,0.0,0.7743,0.09282,Kmeans_sweep
MiniBatchKMeans(sk),0.94697,0.04592,1.22667,0.20343,3678431.0,610051.23707,25.0,blobs,16.0,30000.0,0.98432,0.01357,3.0,22.66753,20.34385,0.14207,0.01333,Kmeans_sweep
[1]Guha2002_STREAMKMeans_Paper,1.0,0.0,1.0,0.0,2998699.88161,0.0,25.0,blobs,16.0,30000.0,1.0,0.0,3.0,0.0,0.0,10.34413,0.65646,Kmeans_sweep
[16]Charikar2003_FacilityOnline,1.0,0.0,1.01287,0.00014,3037321.5,449.28526,25.0,blobs,16.0,30000.0,1.0,0.0,3.0,1.28794,0.01498,11.6671,0.41073,Kmeans_sweep
[Ailon2009] Streaming k-means#,0.82972,0.1409,2.92266,0.98233,8764185.0,2945714.47583,25.0,blobs,16.0,30000.0,0.92396,0.06842,3.0,192.26617,98.23305,2649.48915,4104.64254,Kmeans_sweep
Boutsidis2014_RandomProj_STREAMING,0.89888,0.03784,1.52353,0.19715,4568638.01879,591218.66546,25.0,blobs,16.0,30000.0,0.96917,0.01225,3.0,52.35396,19.71583,0.76268,0.09932,Kmeans_sweep
KMeans(sk),0.40039,0.01447,1.0,0.0,79231.21875,176.59911,25.0,anisotropic,16.0,30000.0,0.64773,0.00111,3.0,0.0,0.0,1.12297,0.08874,Kmeans_sweep
MiniBatchKMeans(sk),0.39818,0.02151,1.0849,0.03417,85957.36197,2669.13999,25.0,anisotropic,16.0,30000.0,0.64117,0.00346,3.0,8.49036,3.41757,0.13907,0.01358,Kmeans_sweep
[1]Guha2002_STREAMKMeans_Paper,0.40506,0.00922,1.01904,0.00584,80739.78844,340.28326,25.0,anisotropic,16.0,30000.0,0.64479,0.00302,3.0,1.90469,0.58494,10.68888,1.11088,Kmeans_sweep
[16]Charikar2003_FacilityOnline,0.40453,0.02143,1.07258,0.01584,84984.2526,1444.25465,25.0,anisotropic,16.0,30000.0,0.64373,0.00562,3.0,7.25874,1.58434,10.26772,0.7519,Kmeans_sweep
[Ailon2009] Streaming k-means#,0.40142,0.02331,1.65474,0.1612,131110.14322,12807.13362,25.0,anisotropic,16.0,30000.0,0.63974,0.00984,3.0,65.4741,16.12092,270.69823,2.10738,Kmeans_sweep
Boutsidis2014_RandomProj_STREAMING,0.39355,0.02842,1.07399,0.02332,85096.36845,2039.24342,25.0,anisotropic,16.0,30000.0,0.63875,0.01417,3.0,7.39911,2.33204,0.71288,0.00359,Kmeans_sweep
KMeans(sk),0.99234,0.0,1.0,0.0,1939733.70833,0.07216,25.0,high_dim_sparseish,16.0,30000.0,0.99323,0.0,3.0,0.0,0.0,0.44612,0.32257,Kmeans_sweep
MiniBatchKMeans(sk),0.94323,0.04259,1.0302,0.02602,1998330.16666,50477.62803,25.0,high_dim_sparseish,16.0,30000.0,0.97991,0.01161,3.0,3.02085,2.60229,0.06374,0.0512,Kmeans_sweep
[1]Guha2002_STREAMKMeans_Paper,0.99241,0.0,1.00003,1e-05,1939794.51653,21.05001,25.0,high_dim_sparseish,16.0,30000.0,0.99328,0.0,3.0,0.00313,0.00108,5.32233,3.89793,Kmeans_sweep
[16]Charikar2003_FacilityOnline,0.99211,0.00031,1.0098,0.00155,1958744.20833,3006.65663,25.0,high_dim_sparseish,16.0,30000.0,0.99313,0.00025,3.0,0.98005,0.155,5.60792,4.29168,Kmeans_sweep
[Ailon2009] Streaming k-means#,0.69753,0.07936,2.3131,0.10958,4486806.33333,212566.17436,25.0,high_dim_sparseish,16.0,30000.0,0.8492,0.0393,3.0,131.31042,10.95851,1037.18325,1645.51456,Kmeans_sweep
Boutsidis2014_RandomProj_STREAMING,0.8426,0.0437,1.30402,0.14179,2529465.06128,275040.14048,25.0,high_dim_sparseish,16.0,30000.0,0.93078,0.01986,3.0,30.40269,14.17927,0.40822,0.27677,Kmeans_sweep
